seed,frame,n_obs,ddpm_rmse,ddpm_mag_err,ddpm_ang_err_deg,vcnn_rmse,vcnn_mag_err,vcnn_ang_err_deg,stream_full_rmse,stream_full_mag_err,stream_full_ang_err_deg,divergentunet_rmse,divergentunet_mag_err,divergentunet_ang_err_deg,unconstrained_rmse,unconstrained_mag_err,unconstrained_ang_err_deg,linstream_rmse,linstream_mag_err,linstream_ang_err_deg
0,14053,136,0.059755736379382314,0.03111366368830204,58.80237579345703,0.035491692404839334,0.024901507422327995,28.77181625366211,0.03462808001168247,0.02582811750471592,25.447465896606445,0.057336175332774554,0.031394653022289276,57.68333053588867,0.04956319618828117,0.03657207265496254,36.79052734375,0.06026631078445058,0.029507549479603767,44.99854278564453
1,9194,143,0.04805391439883526,0.04735122248530388,15.20911693572998,0.02717280463629928,0.02373523823916912,14.367271423339844,0.054406466072881667,0.03140411898493767,24.641836166381836,0.057423810588635396,0.049419090151786804,19.65199851989746,0.0655841842304176,0.06645230203866959,18.34052276611328,0.037589856477576865,0.03080008178949356,13.807304382324219
2,14031,136,0.08808009446819826,0.08837136626243591,21.20374870300293,0.02746651863620857,0.014975756406784058,16.18258285522461,0.06568171109170974,0.03521347418427467,39.354087829589844,0.062419903494588265,0.05940264090895653,15.82399845123291,0.08415231585571013,0.07460417598485947,32.57075881958008,0.05400984018175686,0.034871529787778854,24.064146041870117
3,13987,143,0.07720418795921702,0.03617125004529953,56.86293029785156,0.04889991545450716,0.036367230117321014,37.60022735595703,0.05981422117102403,0.04066435620188713,49.254764556884766,0.07215316789058937,0.033999003469944,59.66254806518555,0.09021372454310561,0.04940136894583702,54.907772064208984,0.0614113246159945,0.03695450723171234,47.40224075317383
4,13844,140,0.09094398898379222,0.0434521809220314,48.307498931884766,0.047528438994589056,0.03429972752928734,25.041738510131836,0.047345004013111154,0.02578892931342125,30.872793197631836,0.069635933133324,0.02809634618461132,40.56098556518555,0.08013429002285472,0.0602044016122818,51.11949920654297,0.06450861399319212,0.03949936851859093,35.21192932128906
5,11638,138,0.1264217201944084,0.047219451516866684,48.5145263671875,0.03818072977585044,0.03580367565155029,8.610751152038574,0.05730114171436775,0.03973652049899101,22.059494018554688,0.10605749114775417,0.03355841338634491,34.50374221801758,0.06786737073212601,0.05529903620481491,21.4654483795166,0.09880026821266871,0.04840982332825661,44.9076042175293
6,9147,132,0.08279254216942993,0.0670318454504013,73.83805084228516,0.0486763866583997,0.041306063532829285,14.846915245056152,0.04766216199048889,0.04214124009013176,22.105600357055664,0.08549402263551312,0.07178546488285065,59.832462310791016,0.06381719645787648,0.03956473618745804,38.800514221191406,0.08608212672711446,0.05809732526540756,37.124691009521484
7,16323,131,0.13059951653274215,0.119638592004776,34.29929733276367,0.052281035213644335,0.03281063213944435,33.445926666259766,0.11687812188893489,0.08369923382997513,53.07244110107422,0.10456307232147714,0.08896848559379578,34.003700256347656,0.058929321060609746,0.03890226036310196,39.26063919067383,0.0651343015290385,0.04144567996263504,32.474342346191406
8,13832,139,0.08907591671993884,0.06272577494382858,51.148719787597656,0.07503343724398451,0.06872878968715668,25.636821746826172,0.0742963086874356,0.054345037788152695,46.7457275390625,0.08296644098585865,0.07321936637163162,41.87614822387695,0.08721260777011938,0.057465679943561554,44.70043182373047,0.09795386595928857,0.052225541323423386,54.158206939697266
9,6996,138,0.06077292730685869,0.047233764082193375,19.809921264648438,0.037924527753207614,0.024655809625983238,18.97733497619629,0.07624140597854082,0.036627888679504395,51.04917526245117,0.05139041497624258,0.04109232872724533,19.476943969726562,0.06813044679693118,0.04523950070142746,33.808616638183594,0.07283024357120575,0.029870543628931046,45.15144348144531
10,13928,129,0.059982104241997077,0.04447084665298462,42.767921447753906,0.04655411582881114,0.04390501230955124,24.07613754272461,0.05094539072893671,0.038244184106588364,36.04320526123047,0.05251571392283466,0.04818768426775932,29.449493408203125,0.06069282535599056,0.05276070162653923,35.30967712402344,0.07153699596992395,0.047948144376277924,45.67540740966797
11,2288,139,0.058988727673036534,0.055058691650629044,17.2960147857666,0.02490681945518087,0.015325967222452164,13.626649856567383,0.053506028089080206,0.034532275050878525,25.25965118408203,0.07457223159925173,0.04345456883311272,38.154754638671875,0.08643258946686437,0.08886650949716568,25.573123931884766,0.06447966085132693,0.055571578443050385,18.556377410888672
12,11541,125,0.16026063540571955,0.03869917243719101,84.50601959228516,0.10816322693642075,0.06578397005796432,86.43852233886719,0.07236158736395633,0.06042034924030304,33.9796257019043,0.13313100755114524,0.043974969536066055,74.6747055053711,0.054049145922862384,0.05381615459918976,20.098840713500977,0.11683530165977611,0.07224759459495544,84.8570327758789
13,16241,144,0.09199832109814077,0.04311379790306091,50.400386810302734,0.050352652685969626,0.03576840087771416,23.289724349975586,0.06510596702039903,0.035533320158720016,34.90363693237305,0.07889589344856798,0.03754669427871704,39.055335998535156,0.05873775804644761,0.05042347311973572,25.852582931518555,0.04813450396758534,0.03206513077020645,25.562379837036133
14,4428,123,0.19111292439890512,0.16503670811653137,102.57166290283203,0.08698235300435883,0.08803712576627731,15.253196716308594,0.09842288144217357,0.10062804073095322,24.314586639404297,0.18670515369907842,0.17811255156993866,116.96671295166016,0.108713185324719,0.08078086376190186,42.19769287109375,0.28735328702886953,0.07971665263175964,124.33121490478516
15,16300,129,0.09262364339962169,0.08462189882993698,26.538848876953125,0.054693794485436445,0.039943844079971313,24.390361785888672,0.07879832671097561,0.06122985854744911,29.867637634277344,0.08556335380950573,0.08469218760728836,24.44830322265625,0.07129735455591757,0.05209733918309212,26.23539161682129,0.0748554810009732,0.056093137711286545,34.59208679199219
16,9304,131,0.22658659644288348,0.2146008312702179,36.230953216552734,0.054460668327088214,0.03658396750688553,14.899096488952637,0.08668649939177737,0.04784822463989258,27.442590713500977,0.2069172098299574,0.1900111436843872,33.89473342895508,0.07247206011858864,0.06269130855798721,26.27383041381836,0.08195673095909846,0.04399193823337555,29.924535751342773
17,13868,139,0.07254513380471837,0.048323679715394974,56.75275802612305,0.06097049971436331,0.048440225422382355,40.316856384277344,0.05863100500531838,0.03975675627589226,49.2038459777832,0.06605461644553733,0.05092184990644455,40.739139556884766,0.054014176262942824,0.03540562838315964,43.28533935546875,0.06909275694158015,0.048931729048490524,58.00571823120117
18,16237,117,0.11245273532568276,0.1056235134601593,38.4256706237793,0.06946278726517748,0.060502611100673676,30.904335021972656,0.07328892827685016,0.043105240911245346,28.934762954711914,0.1056571723176504,0.09603473544120789,35.31919860839844,0.10946586225356715,0.07131099700927734,43.778282165527344,0.098292432429786,0.07100073248147964,41.337276458740234
19,11501,144,0.06763874684634646,0.0514625646173954,31.7627010345459,0.02093218959102489,0.01833326369524002,10.982287406921387,0.05517674940375796,0.03678854554891586,26.306690216064453,0.05445566257105347,0.048001401126384735,21.44357681274414,0.05930225350733899,0.056098680943250656,19.439817428588867,0.06106439867135541,0.05678792670369148,19.543792724609375
20,16234,134,0.15143536772929103,0.08706402778625488,40.772666931152344,0.06142325849759199,0.05116397142410278,19.389524459838867,0.07954282313671027,0.0596802644431591,24.33497428894043,0.1273927186080135,0.08478572964668274,34.43980407714844,0.08171764265026885,0.06626474112272263,27.053300857543945,0.08658037403185741,0.06877017021179199,28.142091751098633
21,6794,135,0.042310821259371995,0.02963530644774437,55.452144622802734,0.0502149161999351,0.03097549080848694,53.298851013183594,0.042175128731094275,0.024029921740293503,52.76142501831055,0.039955925574418065,0.027099210768938065,56.08060073852539,0.05853541172717866,0.04692094027996063,39.15951156616211,0.11431329337494427,0.09193102270364761,69.79115295410156
22,13919,145,0.14542683276645332,0.05590527877211571,56.12175369262695,0.05003936221478692,0.0453483946621418,11.817583084106445,0.0659012665356255,0.06261876970529556,19.930171966552734,0.12615937228306773,0.0713757872581482,46.10443115234375,0.08451391655230121,0.04940149188041687,27.61664390563965,0.04264336368000898,0.029805351048707962,12.839519500732422
23,2124,140,0.08435807017714415,0.03931236267089844,51.049964904785156,0.026223446140413206,0.022086672484874725,16.712831497192383,0.05587974392137801,0.03214707225561142,38.917396545410156,0.07890860898588592,0.03590717539191246,50.35421371459961,0.053031260059147184,0.05032176896929741,22.93020248413086,0.08952207544514203,0.045851077884435654,56.03300476074219
24,6930,141,0.07699893069818202,0.060096289962530136,30.210147857666016,0.041090198964247926,0.02618514932692051,19.76485252380371,0.06599220420714508,0.036361388862133026,33.49153518676758,0.06379891554752702,0.04694821313023567,26.986316680908203,0.07183201861154842,0.04622580483555794,34.34164047241211,0.08276041579248651,0.06722022593021393,37.65131759643555
25,9247,144,0.041101731510773135,0.027983572334051132,32.56903839111328,0.028993784601362038,0.02402346208691597,15.756418228149414,0.040403000678935895,0.03168502822518349,30.109506607055664,0.0501467384614584,0.03557879105210304,36.76871109008789,0.047734616589040144,0.04077860713005066,25.15585708618164,0.04737137628710898,0.034268997609615326,31.920440673828125
26,16184,113,0.0886323508357338,0.05177244544029236,35.71699905395508,0.05655576812369737,0.048552993685007095,12.546072006225586,0.05678746634301393,0.03688593581318855,23.343908309936523,0.07898513660477202,0.04798165336251259,31.131921768188477,0.14228758129998295,0.07631823420524597,67.68516540527344,0.0756519557689787,0.045345697551965714,27.55790901184082
27,2068,131,0.12039627214097712,0.09665205329656601,74.98663330078125,0.0364449861891638,0.02254677563905716,16.87635612487793,0.07078607788840363,0.0701703354716301,32.003658294677734,0.11601204633679074,0.10897067189216614,69.78370666503906,0.07359954677444912,0.06384863704442978,23.59427833557129,0.062178276029472894,0.059964869171381,23.3449649810791
28,11631,147,0.06881518456976353,0.053955014795064926,47.91630554199219,0.060303417811093385,0.054655589163303375,26.290597915649414,0.045139597067964984,0.036899179220199585,24.435827255249023,0.06175952507797814,0.04777875542640686,35.66333770751953,0.07963075939056076,0.06133175268769264,42.05165481567383,0.056551130399074556,0.03974882885813713,30.414793014526367
29,16306,128,0.16787703035652443,0.1367407590150833,33.36088943481445,0.04605951981762359,0.03533242642879486,14.615840911865234,0.0751527833546962,0.05571044608950615,21.061376571655273,0.15184359558688526,0.12966904044151306,28.32288932800293,0.0697239358366869,0.05654256418347359,18.747045516967773,0.10444480657545246,0.06218510493636131,34.53904724121094
30,2241,147,0.062078877921355635,0.046392932534217834,38.82544708251953,0.03309820618499537,0.02595626562833786,12.571969985961914,0.04244016893965603,0.03140117600560188,22.072240829467773,0.07828891221111253,0.06218985840678215,46.934898376464844,0.06623416650475555,0.0553591363132,23.777555465698242,0.14567032755358264,0.057588014751672745,67.2226333618164
31,9321,126,0.05361677375621482,0.041306111961603165,32.170677185058594,0.034813456676518945,0.028717665001749992,15.786386489868164,0.040745524619402944,0.028710080310702324,27.428861618041992,0.06230363401392818,0.038227878510951996,36.99574279785156,0.05391711859661982,0.04058249667286873,31.552570343017578,0.05035272770533088,0.036885205656290054,28.30012321472168
32,16211,146,0.11982176480803143,0.08396536856889725,39.3975830078125,0.04382507262078447,0.02681984193623066,20.44122886657715,0.0619868996633594,0.0503784604370594,21.84495735168457,0.11481752437217235,0.0785326287150383,36.95983123779297,0.051577813583970386,0.03710304945707321,32.650699615478516,0.06812621074121501,0.03316627815365791,39.894710540771484
33,16212,140,0.09655143337165804,0.06358588486909866,46.398921966552734,0.046027365414378005,0.040461570024490356,17.777908325195312,0.0586851696347068,0.047628842294216156,22.498401641845703,0.10039904553289117,0.06381212174892426,43.358245849609375,0.05038448336628947,0.03636318817734718,17.03352165222168,0.07019573013712507,0.04223524406552315,41.2685661315918
34,2169,142,0.06267165833376673,0.03156622499227524,42.92348861694336,0.03440761973104189,0.015478812158107758,21.122100830078125,0.04625518635367818,0.03743315860629082,28.005847930908203,0.05852658734108921,0.031527478247880936,40.26380157470703,0.06892961315475152,0.035869840532541275,34.67280578613281,0.05544489422231447,0.04154498875141144,47.2418098449707
35,2237,140,0.15671093736902622,0.09056531637907028,64.0114517211914,0.03440059828966186,0.03311808034777641,6.960122108459473,0.05468516528463691,0.037128932774066925,14.840680122375488,0.16919784237266416,0.11836695671081543,65.61863708496094,0.06707564607587604,0.03346395865082741,26.874225616455078,0.12596580436680638,0.1125803142786026,30.75299835205078
36,6931,130,0.10349903712828405,0.08469727635383606,60.44493865966797,0.07683294498741967,0.0610940046608448,31.107091903686523,0.09435813737483842,0.0605575367808342,44.61175537109375,0.09530991447780345,0.07216351479291916,60.167152404785156,0.08510405318277729,0.044573038816452026,46.96977233886719,0.1937338415453415,0.07174316048622131,131.08126831054688
37,4444,137,0.18433515573152656,0.19524118304252625,24.541545867919922,0.03655973836410335,0.032429590821266174,11.06552505493164,0.051001209827483525,0.039011504501104355,16.357593536376953,0.148185161027988,0.15883871912956238,21.300161361694336,0.11781038557843208,0.12446881830692291,20.06842803955078,0.09170480956192832,0.059291988611221313,26.594757080078125
38,4595,148,0.07455052463180076,0.060075581073760986,18.30362319946289,0.02858134565501647,0.02641967684030533,6.202314853668213,0.057377648476995086,0.031178303062915802,20.806978225708008,0.0853293068688992,0.07806909829378128,16.69246482849121,0.042789799313473764,0.037363968789577484,9.91131591796875,0.03458342427819406,0.028781723231077194,11.639911651611328
39,16378,137,0.156557815547858,0.11191285401582718,46.81951904296875,0.06646553796095589,0.046436116099357605,21.995868682861328,0.07254671671609388,0.053569063544273376,30.114398956298828,0.10222725178045235,0.07036778330802917,28.21592140197754,0.04400735004079385,0.03647118806838989,18.371318817138672,0.04643333831954503,0.029846733435988426,22.221927642822266
40,9343,143,0.2214882095783272,0.18149885535240173,45.99694061279297,0.0317782728803643,0.02451946958899498,7.510195732116699,0.07732687627634251,0.05008026584982872,30.05546760559082,0.19303171152420048,0.14359904825687408,39.334693908691406,0.048427610626545735,0.0361190028488636,23.930543899536133,0.07318823965183056,0.035956915467977524,31.36005973815918
41,11627,139,0.11895715765025411,0.07848615944385529,40.98942565917969,0.03665951634048826,0.03382440656423569,8.420389175415039,0.047832960500591236,0.03689972311258316,25.94460105895996,0.09726459723353909,0.060167036950588226,37.50264358520508,0.06969631098085481,0.06422894448041916,20.849510192871094,0.05387345828704092,0.03530607372522354,32.84636688232422
42,2213,140,0.13050779992361003,0.10642892122268677,36.57725143432617,0.07004072171402362,0.06646386533975601,12.615704536437988,0.10211149428209003,0.07920783758163452,27.3375301361084,0.14127143276734427,0.13164827227592468,41.90939712524414,0.05369581702046529,0.04095454514026642,16.537626266479492,0.10601630064994648,0.099343441426754,16.173938751220703
43,9248,146,0.059810370840453715,0.033099427819252014,70.39517974853516,0.02546956865830963,0.021598197519779205,13.722674369812012,0.043419441691047736,0.03238562121987343,31.27616310119629,0.06428928700527972,0.038096100091934204,59.793338775634766,0.041085761564500174,0.03452402725815773,26.645402908325195,0.05993753643783266,0.023612787947058678,46.67329788208008
44,11632,143,0.05870637923494749,0.045786358416080475,63.26530838012695,0.041711881770630246,0.03632485121488571,27.85466194152832,0.04957221406567687,0.030825568363070488,42.63671875,0.05596093468432069,0.041569434106349945,43.881141662597656,0.07042170292256476,0.04840775951743126,49.411376953125,0.06023185051415337,0.03820844367146492,48.26177215576172
45,16289,132,0.14568346550625694,0.10067593306303024,52.605918884277344,0.06811094618831921,0.039277590811252594,49.586795806884766,0.10859801074642779,0.07072754204273224,59.299537658691406,0.12910496328793258,0.09311329573392868,46.37575149536133,0.04743613994044942,0.028642548248171806,34.346858978271484,0.07499826928065692,0.046336349099874496,37.773773193359375
46,9244,149,0.053648482019402435,0.03707791492342949,22.31658935546875,0.034395563270025624,0.029093055054545403,10.068300247192383,0.06873581204162166,0.042515888810157776,26.667964935302734,0.06587246293175665,0.05506511777639389,28.14608383178711,0.0408762322458269,0.03634519502520561,14.403193473815918,0.05300569175509079,0.05039667338132858,12.920671463012695
47,2227,128,0.14563304388924533,0.11413418501615524,66.55413055419922,0.0386291692519143,0.03681674227118492,8.257316589355469,0.06074175616347115,0.043443482369184494,19.980195999145508,0.14717478447261356,0.12441261857748032,61.93214416503906,0.07184894961359053,0.06574678421020508,17.962018966674805,0.07805618547353235,0.06712915748357773,21.413898468017578
48,2282,134,0.06427915851008552,0.016312507912516594,50.663448333740234,0.03473011929095342,0.027406862005591393,19.071300506591797,0.045224820498216974,0.026111362501978874,42.753173828125,0.06038676582566827,0.025242481380701065,50.39035415649414,0.04231862046420632,0.02664376050233841,30.429468154907227,0.19207935523765562,0.10332825034856796,90.82130432128906
49,2135,132,0.0665092924395021,0.05497162789106369,60.31637191772461,0.029665605988577357,0.026898112148046494,13.731669425964355,0.040682853870056865,0.026244064792990685,32.037681579589844,0.061336431211415306,0.06607580929994583,35.98631286621094,0.05316647963527138,0.026046153157949448,37.16567611694336,0.13256723414694038,0.03890151157975197,114.76753234863281
50,13936,133,0.21386024308568052,0.1829354614019394,67.7728042602539,0.05858860737034678,0.04200499877333641,64.06236267089844,0.0645363269411273,0.03762071207165718,53.089439392089844,0.1494710574252756,0.10159527510404587,88.0814208984375,0.08550292367817333,0.04751821979880333,57.06426239013672,0.08728450057036215,0.029396846890449524,84.5574722290039
51,6934,143,0.05274682542082204,0.03642047569155693,41.80846405029297,0.04848371321481535,0.03778216242790222,27.790136337280273,0.06438730073365495,0.039769917726516724,48.20991134643555,0.05898459504494885,0.045500822365283966,46.208778381347656,0.05171703071091349,0.031046055257320404,30.94451332092285,0.07674137626785876,0.04642247036099434,72.6883316040039
52,16356,124,0.21988914128298104,0.19450652599334717,39.09977722167969,0.0577122617619394,0.04409047216176987,14.868239402770996,0.13029755066097534,0.09588603675365448,27.756303787231445,0.20926076873189658,0.1841382384300232,31.340837478637695,0.08530408762937627,0.06961369514465332,27.92583656311035,0.09762664176849706,0.06258375942707062,33.37867736816406
53,13894,134,0.08063754018558852,0.07226210832595825,41.87551498413086,0.055776918793894306,0.036522384732961655,23.898962020874023,0.08197965009612143,0.041160598397254944,41.90547180175781,0.07445925379658755,0.058972492814064026,34.760223388671875,0.06487989735320494,0.043481044471263885,28.06510353088379,0.0632150430986182,0.04738681763410568,30.162765502929688
54,6809,139,0.053521710346801345,0.041579268872737885,32.081275939941406,0.059349178141833867,0.029758276417851448,36.692630767822266,0.082054347810708,0.04001426696777344,67.30693817138672,0.04817689922143319,0.030101409181952477,30.946468353271484,0.049217578508918405,0.0353386290371418,36.645450592041016,0.041950422898413865,0.021381543949246407,27.38220977783203
55,16354,132,0.11828117759814924,0.10744248330593109,27.105897903442383,0.04893523598965079,0.0382746122777462,20.0024356842041,0.11584404202018114,0.10676044970750809,21.266189575195312,0.10491162575069572,0.10199768841266632,23.23812484741211,0.075914765543911,0.06852686405181885,27.95469856262207,0.06376491696522912,0.054427921772003174,26.07573127746582
56,6904,145,0.060069924911914215,0.03883391246199608,41.872501373291016,0.04146911455048442,0.03028206340968609,30.995424270629883,0.05543499186713187,0.03126726672053337,43.02216720581055,0.0689444809480473,0.03997637704014778,59.18218231201172,0.07074180751962122,0.06397005170583725,33.779911041259766,0.06995870805094864,0.03978028893470764,55.4161262512207
57,2173,148,0.04612655673079445,0.02924978919327259,37.23828125,0.02880557888992124,0.013425602577626705,18.224584579467773,0.051821154379554875,0.033062756061553955,35.33598709106445,0.03885836350684658,0.022475168108940125,26.27840232849121,0.0889466658992559,0.09079397469758987,19.272735595703125,0.03424239977645222,0.027614634484052658,18.1295223236084
58,9256,93,0.15010339910113324,0.14391303062438965,54.00495529174805,0.06258520699992924,0.06049082800745964,20.28331184387207,0.09334194228212071,0.06647692620754242,27.018983840942383,0.1407378598119234,0.1489536613225937,46.75592041015625,0.06532256547423583,0.03381692245602608,26.884689331054688,0.2616721671843498,0.16208632290363312,88.6723403930664
59,13949,106,0.07408009894115915,0.06113976240158081,37.46610641479492,0.08140929560328634,0.04991971328854561,53.55495071411133,0.11680563508600796,0.04045793041586876,60.23503112792969,0.07015799365471875,0.06833026558160782,31.855010986328125,0.098737617663465,0.08168624341487885,49.049034118652344,0.11795569376517563,0.0591387078166008,50.287113189697266
60,4468,124,0.08868061655457933,0.08161059767007828,54.07004165649414,0.05996635400216474,0.04543517157435417,24.43675994873047,0.05566336805001725,0.04790707677602768,20.032556533813477,0.09069957711381652,0.09218969196081161,42.16726303100586,0.08094577511809735,0.06775448471307755,25.923019409179688,0.2076952428128657,0.0709558054804802,122.54598236083984
61,6998,134,0.05886343116085452,0.05500344559550285,23.554973602294922,0.026232388776333555,0.021146340295672417,18.9810848236084,0.05653004544229464,0.03364305943250656,48.143104553222656,0.04565828699908571,0.04238727688789368,20.959468841552734,0.08169863257506323,0.07561609894037247,31.613496780395508,0.035385789594859766,0.02138330601155758,28.819496154785156
62,9152,140,0.058889590706273094,0.04394469037652016,22.398395538330078,0.022445341320602302,0.015964172780513763,10.629664421081543,0.07150048161011191,0.04039900004863739,33.55320358276367,0.06511504453178356,0.04970096796751022,25.638154983520508,0.05806843872802243,0.045043375343084335,25.0487117767334,0.03645797952464496,0.03238649666309357,17.152442932128906
63,9165,139,0.03747899256378741,0.02626148983836174,33.927467346191406,0.028763184452022434,0.022829163819551468,21.40895652770996,0.05304838340633506,0.04347170144319534,32.889625549316406,0.037767435995526705,0.02596958540380001,27.395252227783203,0.06101457921144506,0.04294510930776596,47.31772994995117,0.054317286859701705,0.028801361098885536,44.57278823852539
64,9257,145,0.1130343304601969,0.08894525468349457,43.74765396118164,0.04995412784758673,0.04421566054224968,23.827505111694336,0.10368614251574783,0.06901828944683075,30.12894058227539,0.11255328493479334,0.10785263776779175,41.42650604248047,0.04873498293447553,0.039514463394880295,19.973331451416016,0.10562433282572732,0.0902092456817627,25.655010223388672
65,4469,144,0.12483089059063976,0.10780460387468338,34.51837158203125,0.037014934632007834,0.029702486470341682,12.19028091430664,0.06702865838711952,0.0654248371720314,16.863876342773438,0.11274489964545872,0.09768947213888168,29.98693084716797,0.048526820524664956,0.04657503962516785,13.77404499053955,0.0573095308196483,0.049482934176921844,14.605311393737793
66,16318,99,0.07339911349018309,0.08145836740732193,27.84130859375,0.04350729670005775,0.04251423850655556,22.34771156311035,0.05854076766574908,0.04957001656293869,29.957901000976562,0.06906951386446719,0.07201703637838364,29.311676025390625,0.07468182166209929,0.05814780667424202,28.591773986816406,0.06486194701914823,0.057405341416597366,35.500816345214844
67,13939,139,0.09179691889315145,0.06514456868171692,53.77736282348633,0.0583828822772491,0.04134150221943855,47.3025016784668,0.05584555981043767,0.03995492681860924,33.32527160644531,0.07864280008717893,0.060330960899591446,39.792816162109375,0.14278892639080987,0.06321320682764053,73.46749877929688,0.08621700105344894,0.051265865564346313,54.71712112426758
68,9217,138,0.06123629788827995,0.05199188366532326,30.291065216064453,0.044667121774013815,0.022709921002388,23.46761131286621,0.06265203630809908,0.030144942924380302,40.233299255371094,0.05335460670875572,0.04299071058630943,24.307971954345703,0.08683797859289615,0.09049883484840393,19.56311798095703,0.07064257187581122,0.04895377904176712,29.38665199279785
69,2153,138,0.10886411759538996,0.1117243841290474,23.76018714904785,0.04300728463374797,0.03806488215923309,13.409011840820312,0.05380632416825942,0.04835015907883644,22.749614715576172,0.11776460694480552,0.12205556780099869,37.20380783081055,0.06557062842734256,0.05849622189998627,21.920238494873047,0.043547919502338564,0.033175304532051086,28.464847564697266
70,11598,135,0.06144179129265532,0.030408155173063278,70.08348083496094,0.025852397507889986,0.01732308231294155,29.466445922851562,0.031584647950865914,0.017116166651248932,34.99208450317383,0.046028604641827786,0.02050209417939186,55.64921188354492,0.05112102792510542,0.04545238986611366,34.773048400878906,0.0573524019897147,0.04495998099446297,40.5222282409668
71,16335,124,0.12483574022214042,0.1015458032488823,45.973876953125,0.07209831611726847,0.05465035140514374,40.85573959350586,0.10677657345895106,0.07143545895814896,46.716209411621094,0.11362815288998546,0.09603357315063477,45.856903076171875,0.07787771522946638,0.05363158881664276,47.6005973815918,0.10325655756369236,0.07962793856859207,45.2580451965332
72,16336,141,0.0887381959764153,0.06788308173418045,33.31251907348633,0.04859350090796104,0.03553706407546997,29.7268123626709,0.11320806175393343,0.08352155238389969,44.94047927856445,0.07441324305710091,0.05532790347933769,34.96387481689453,0.10464735601503006,0.06679075211286545,49.71236801147461,0.09276367176817532,0.07289063185453415,34.59315490722656
73,13999,138,0.09063170487706367,0.03397754952311516,62.938411712646484,0.04068709382568766,0.023411592468619347,30.677385330200195,0.04183632627142472,0.027301263064146042,29.727649688720703,0.0970526446661161,0.04572053626179695,73.28233337402344,0.08551305183158599,0.08360733091831207,26.835567474365234,0.05407480064964234,0.03229536861181259,35.815460205078125
74,4509,121,0.14931140837636098,0.13359802961349487,46.589481353759766,0.05818966969162433,0.061807893216609955,7.704380989074707,0.09099003216636622,0.0632445365190506,23.728370666503906,0.1687872753869775,0.16260159015655518,53.12971496582031,0.06391509490679857,0.06660887598991394,17.4995059967041,0.21495968624809694,0.19135476648807526,85.00862121582031
75,11627,127,0.07385674409984569,0.06788872927427292,25.87556266784668,0.032495318905127864,0.03251885995268822,8.367452621459961,0.04586938063092817,0.0338670052587986,23.876047134399414,0.0759445353650203,0.06721532344818115,20.031475067138672,0.055839329764523,0.046546321362257004,20.903018951416016,0.05650155890970056,0.0412902906537056,29.891010284423828
76,9350,130,0.04393549363055131,0.023876873776316643,33.84184646606445,0.042824668423393074,0.02750803902745247,34.09101867675781,0.04419103541408858,0.02554793283343315,36.62674331665039,0.03666632842318227,0.022634020075201988,29.38294792175293,0.07519982847909559,0.05667196214199066,37.70553207397461,0.06270993424455616,0.037716131657361984,71.68124389648438
77,2164,125,0.10356458483615527,0.05765153467655182,38.988739013671875,0.04141936620409997,0.038360144942998886,9.244860649108887,0.07061022080612145,0.05682355538010597,21.802631378173828,0.10759262893425338,0.0678858757019043,38.90019226074219,0.06307522067726593,0.06415583193302155,16.624353408813477,0.13288241050740893,0.12807339429855347,40.90495681762695
78,13855,149,0.09945228778854591,0.07733619958162308,60.46547317504883,0.07184794017501604,0.0668996050953865,22.276378631591797,0.06367233284038616,0.05178901553153992,35.53810501098633,0.09811531837109297,0.07183215022087097,53.76321792602539,0.058268931948554474,0.039134956896305084,34.121944427490234,0.07416744621266487,0.05349552631378174,37.81482696533203
79,2243,109,0.12650472229642817,0.06268918514251709,121.56222534179688,0.05892160920927908,0.037697918713092804,33.621883392333984,0.07273081392589455,0.06397243589162827,42.05278015136719,0.12485895290394927,0.06991922855377197,126.3576431274414,0.058001501404395826,0.053810231387615204,29.23310089111328,0.11143573242868472,0.07199133932590485,93.74126434326172
80,16260,131,0.1419603339280659,0.1239280104637146,33.31508255004883,0.05573863265909631,0.037469033151865005,32.61913299560547,0.07166170845239796,0.051456667482852936,34.853248596191406,0.11878538566876966,0.08265960216522217,35.271793365478516,0.0721979261973633,0.05448223277926445,42.730628967285156,0.07402970598156293,0.04777437075972557,28.068817138671875
81,2160,136,0.10146780183007853,0.09543288499116898,87.42507934570312,0.03644469597539629,0.029277771711349487,13.652758598327637,0.06214409388678361,0.050565820187330246,35.659542083740234,0.09789396651554959,0.10976395010948181,68.56099700927734,0.04181298566193118,0.029554501175880432,22.243101119995117,0.19995287956342953,0.03456578776240349,142.80746459960938
82,13828,142,0.10320956952210318,0.07871346920728683,38.357357025146484,0.08968301903741933,0.07882905006408691,26.953685760498047,0.07543142579585342,0.055992454290390015,27.77231788635254,0.11119954437064479,0.07946345210075378,39.01587677001953,0.11671567529286578,0.07207943499088287,43.65858840942383,0.1125331553465608,0.08473812788724899,35.99033737182617
83,13877,133,0.15507494436881017,0.0885947123169899,49.56888961791992,0.06841507483347768,0.06010430306196213,25.130407333374023,0.08306733388003311,0.061002228409051895,32.922061920166016,0.14799671176287119,0.08300722390413284,47.26860809326172,0.05671183747090155,0.047393668442964554,25.752735137939453,0.11598449676292004,0.06717585772275925,44.71112823486328
84,11611,143,0.06645238553568181,0.05971792712807655,33.564720153808594,0.02703282789036337,0.014662991277873516,27.245567321777344,0.040969021870095344,0.021727504208683968,38.00468826293945,0.04975026946321687,0.03479455038905144,32.29305648803711,0.057737930988254416,0.04859995096921921,37.8780517578125,0.052199584331787015,0.03377513960003853,33.53604507446289
85,11708,117,0.052351361683686086,0.03647337853908539,34.62084197998047,0.04158226869171643,0.025137100368738174,31.58721160888672,0.046058284155768264,0.027397895231842995,32.42485427856445,0.04291196884993869,0.03293192759156227,27.709009170532227,0.07161834504477728,0.03589263930916786,60.0493278503418,0.052197724516316116,0.032503560185432434,32.78508377075195
86,16345,139,0.16300668890320655,0.14001420140266418,34.81813049316406,0.05284640658211902,0.04361267387866974,17.806875228881836,0.1052822341191702,0.07929234951734543,23.010129928588867,0.12925034334307933,0.11215291917324066,24.94228172302246,0.07493267974900046,0.05241931974887848,28.24213409423828,0.07743397925215456,0.04346521943807602,35.08544921875
87,11546,128,0.05023318256897051,0.03845363110303879,82.19300079345703,0.04237368283633767,0.03103896789252758,50.00910949707031,0.04050571009964826,0.024294309318065643,43.38021469116211,0.04263296438298554,0.03787943348288536,48.19594192504883,0.053407372705762686,0.04612458497285843,33.6368522644043,0.04169723716243946,0.023029988631606102,43.325660705566406
88,9241,139,0.08804792961141433,0.056983716785907745,65.41803741455078,0.047712382696815214,0.03638642281293869,25.875761032104492,0.06387278647504448,0.04771074652671814,27.52802848815918,0.07754905632478686,0.06063169240951538,38.43939971923828,0.08714016437120689,0.06228918209671974,30.545875549316406,0.08786158377808302,0.05683836340904236,40.97649002075195
89,16178,140,0.04140724705377828,0.0336836576461792,38.586830139160156,0.03347878954312782,0.018959198147058487,43.59758758544922,0.039096153958474766,0.020082492381334305,44.968353271484375,0.026523669511920308,0.018535198643803596,21.67418670654297,0.10710560960662067,0.0791119709610939,77.3095932006836,0.03908206277587794,0.021384606137871742,43.33399200439453
90,11613,138,0.05917603777063447,0.030618296936154366,85.82376098632812,0.03796477289105487,0.026633618399500847,54.30895233154297,0.03922030854526298,0.02203032560646534,63.53293228149414,0.055184185992576,0.021556338295340538,106.07694244384766,0.07856872438190741,0.04650817811489105,86.28913879394531,0.06690008609749158,0.030808089300990105,108.3825454711914
91,13858,135,0.11591597871675073,0.07059925049543381,76.21490478515625,0.10183340056061256,0.0681217610836029,53.47859573364258,0.09519000972059044,0.061120882630348206,45.95941162109375,0.11045904633786569,0.07312966138124466,74.37728118896484,0.06110333932138848,0.045124128460884094,33.17568588256836,0.09704614716639291,0.062278345227241516,48.280460357666016
92,9154,142,0.0824092457435126,0.07591201364994049,24.502376556396484,0.022187515090973966,0.017516903579235077,7.212222576141357,0.06995765333892953,0.057541243731975555,22.59190559387207,0.08755888513258907,0.0680590346455574,38.231201171875,0.039031851132204406,0.029567670077085495,18.858009338378906,0.05033146274388021,0.050551146268844604,16.15604591369629
93,16341,139,0.07462616937402242,0.06166541203856468,41.770240783691406,0.0694989735536555,0.044901568442583084,46.01664352416992,0.10070292972904238,0.07541496306657791,52.189151763916016,0.07821633978095731,0.06678332388401031,42.36423873901367,0.07420609281839513,0.06570331752300262,34.43514633178711,0.06582965469678101,0.05438892915844917,35.86888122558594
94,2138,130,0.1468526660098042,0.10753460228443146,50.99013137817383,0.062428558754193245,0.06125198304653168,11.5250244140625,0.08746658833322311,0.07854320108890533,23.002918243408203,0.1492545051822712,0.1082163155078888,51.65217208862305,0.05644332024496902,0.0485985167324543,13.469975471496582,0.14735204186873982,0.15644216537475586,42.009700775146484
95,9155,147,0.09422118964589367,0.09067465364933014,24.565248489379883,0.021935113782360856,0.017814235761761665,7.655412673950195,0.06801947575098939,0.04161426052451134,23.129127502441406,0.0971061027836262,0.06184235215187073,48.29935073852539,0.046512079567882315,0.0430893711745739,23.553600311279297,0.046509185556432485,0.03522171080112457,12.058512687683105
96,14013,134,0.05096415377397406,0.023501737043261528,88.46907806396484,0.03511618532901312,0.024921627715229988,46.70972442626953,0.05190322581440882,0.024119868874549866,63.26806640625,0.05115942494496376,0.02190033532679081,87.27562713623047,0.07178283648352225,0.03870777785778046,72.65355682373047,0.05387949265580782,0.03685654699802399,64.3683853149414
97,2295,138,0.06410135319407242,0.04601430147886276,69.10562896728516,0.039042635556634474,0.028137389570474625,20.4267635345459,0.04408827217199938,0.03690258041024208,34.440704345703125,0.06023208046787133,0.05991797521710396,59.588741302490234,0.038601338854057955,0.024186067283153534,23.74578094482422,0.03416716919002923,0.02903093211352825,21.793071746826172
98,6850,127,0.08350547200966807,0.04579072818160057,68.2119140625,0.1448217126631459,0.039297204464673996,107.56520080566406,0.07745823663887243,0.04976195469498634,55.01645278930664,0.08078755294184556,0.060678694397211075,62.967735290527344,0.056916233531194016,0.04211321100592613,29.9044246673584,0.11592489434857531,0.12201868742704391,31.139570236206055
99,16345,107,0.15949273489449411,0.14325498044490814,33.85835266113281,0.040124558102105565,0.03558725491166115,13.851253509521484,0.09028518565538422,0.06832289695739746,24.08119010925293,0.12790092559692562,0.10607817769050598,24.9062557220459,0.06567833702122688,0.05229271948337555,29.88636016845703,0.08203193151688869,0.04262803867459297,34.391212463378906
