seed,frame,n_obs,n_ang_cells,ddpm_rmse,ddpm_mag_err,ddpm_ang_err_deg,vcnn_rmse,vcnn_mag_err,vcnn_ang_err_deg
0,1671,138,3726,0.15218891214097158,0.14139169756632575,33.12097050558463,0.08528183929651952,0.07351119814509209,13.501082817026191
1,929,130,3672,0.12856184877390628,0.08856743734892238,40.81008916229781,0.05246338036183003,0.038965048894341776,14.728215629627844
2,1645,145,3687,0.056800818698285065,0.04752928185395202,26.81797958149335,0.04237236315440777,0.03392114595049851,15.94429850698795
3,1594,143,3687,0.12572186088271536,0.07698483558054374,40.956775008862074,0.06639267464948569,0.04860764883659944,32.529008172517315
4,1427,118,3619,0.11036200238469308,0.06371518996373356,78.78734623282143,0.10394893437581394,0.06640207824375613,76.48968582763291
5,1318,139,3492,0.12703075147610465,0.07287071955334845,31.853799004621155,0.04334145842621666,0.027829561042383544,21.933270293769972
6,874,131,3637,0.10827199129869818,0.03398759730034403,79.26842491784038,0.07906633594839094,0.044868218434013056,71.53626612796482
7,1856,109,3427,0.036986358213463036,0.030109874272797144,34.93719492350695,0.030073919083160455,0.028909957892366358,17.98733307610256
8,1413,138,3490,0.06944732806614398,0.038258086864227145,60.63211260237857,0.03847168886545566,0.023882169615151085,30.30294874741067
9,828,138,3680,0.11642948177229064,0.10594522936478123,35.802430370119495,0.05057479345738334,0.04808088086145337,13.447599016572392
10,1525,114,3672,0.1607485078184071,0.06904146392457083,108.06462619055719,0.04590301228050402,0.03156713870487728,21.756632810908105
11,262,135,3559,0.06277494850626254,0.041687935046458714,35.53861544354619,0.030528020898055064,0.024471097565637243,17.346977678209175
12,1203,125,3342,0.07243123663011905,0.04331499616879777,64.07678977965851,0.04880990244036163,0.02621004239594813,56.56712587711284
13,1760,141,3687,0.10978882653941345,0.07130655290008724,45.426563247456336,0.10026983607531649,0.08644805668158029,31.0348976363309
14,295,135,3675,0.07280207089984522,0.05464258552235234,24.855168791410083,0.02979845999581638,0.020673770623304628,8.734163434213643
15,1829,141,3679,0.16510533370098252,0.09498313010449012,48.517079924075624,0.1490461929173899,0.143904987529741,40.086469634135774
16,1058,138,3653,0.06413176827754642,0.04027677641821487,38.15918997527704,0.04017884954563995,0.04142289696339433,12.052669200558697
17,1455,134,3370,0.05822109953097409,0.03105940920241885,97.66479576256963,0.0363775625272268,0.028838171875511253,53.42112583814127
18,1755,128,3697,0.09395591101840592,0.07371601824467107,38.721304823845145,0.05398055904289377,0.05036678010480631,11.244453222987175
19,1157,146,3515,0.0613959029163137,0.0375222456469295,29.677945712299426,0.03238465457754349,0.023560234882116136,22.891356692597277
20,1753,139,3624,0.07915905533289723,0.035389649078851934,53.48745387351696,0.044717571528504634,0.03409713071114258,27.88317814678975
21,592,133,3691,0.08734391731437531,0.07786953189864255,34.37845132263012,0.03749612802304699,0.024394519916047637,14.65487696536402
22,1515,132,3613,0.12176841599779223,0.04900930714838392,58.34141232999803,0.07213596337657002,0.0489242726312371,36.8563791402928
23,70,140,3689,0.08345871514952365,0.05016205287249945,27.91481701155209,0.026862492082757587,0.026771424804535284,5.558626067203604
24,751,142,3522,0.05203409459428463,0.028470560117149473,45.409653952111576,0.036479934884827966,0.029035143904449015,28.305972800286515
25,990,132,3577,0.19657250216077765,0.1971694996300399,96.20039746276991,0.08509153082667875,0.09267168676718561,10.208289650412537
26,1693,102,3664,0.14377162276357952,0.11717573861062607,99.84799359688903,0.08638475503115721,0.055255971253080606,30.552203773736068
27,5,131,3644,0.04310338467395037,0.021886682966394375,22.30268820960758,0.026621022186591282,0.02609313834093379,11.168446934292884
28,1309,129,3681,0.09822597942449444,0.08796931398609367,61.749643740501156,0.06258404378786886,0.04177556867517716,19.43082183783537
29,1836,139,3600,0.13652555313713885,0.04498786027992653,83.41549074777835,0.10076133881904073,0.05927400791134246,59.37636196893765
30,207,141,3597,0.06617281561880782,0.04059106448605799,53.550725927116474,0.03287358129770516,0.025342788266856014,21.39170809543847
31,1077,141,3590,0.07825428288056156,0.03424736738548898,64.60161902496708,0.02934259267648083,0.02362828726996075,14.27595685365429
32,1725,144,3659,0.12766088833830644,0.0728812153598632,41.09974051078591,0.06796502991705723,0.05935036353074535,27.556150396369418
33,1727,99,3691,0.1844563937671824,0.10236404262877605,127.2361433130333,0.0746330436803786,0.07236932408235622,14.229942278503739
34,123,144,3624,0.08384520836758415,0.049738393008805545,46.93458267636253,0.026300409462583052,0.021306998475773224,12.035686434402955
35,202,140,3668,0.17421699218562287,0.16506267850276676,78.78147648288102,0.05640051335745422,0.03965985548245446,9.811814481966891
36,752,138,3596,0.044042663005620174,0.03946435370704501,25.718431119451644,0.04052703699020272,0.039270575769462746,22.56909494487629
37,313,130,3610,0.03318314560326962,0.026104710382071215,25.972616493145836,0.016673477445045642,0.013638285941811634,11.03451686617936
38,490,130,3542,0.1953657233262002,0.19645596398173903,45.95536291758535,0.11254864854738991,0.12142448939519179,11.336087723029424
39,1920,137,3701,0.07751376207647073,0.046929290321512114,35.905467567145685,0.043696577302653535,0.03701995691876091,15.306775307280246
40,1103,128,3670,0.1341124299246171,0.11178138787860437,31.736387691446886,0.038447467297877874,0.03100322100541357,11.516692188937254
41,1305,130,3606,0.08055561972162575,0.057487365353445986,50.943168675775944,0.052493682833526956,0.04667870555227484,14.419981122793896
42,175,139,3655,0.07034369360604699,0.06330371625333792,37.443907633255456,0.05952470831792067,0.0350856691680328,33.19714221159553
43,992,138,3561,0.13845939642016664,0.12923904415459808,77.68970431912722,0.05866007015939202,0.053328455819819674,8.722416414168615
44,1310,126,3669,0.10069882481966126,0.036336390431719025,63.223519667878314,0.06264372621435224,0.048206647396316346,18.00752876842712
45,1816,122,3686,0.1725177874778905,0.10938820807485553,68.40603796270192,0.15868464928435755,0.11145050754533771,68.20476641824096
46,987,149,3674,0.08132487960786908,0.05756048961969088,33.81028298832305,0.030161318145986608,0.022829464385947653,11.19581972057596
47,191,122,3565,0.0409607450346405,0.018352477327424777,50.66585787072431,0.0336511641692105,0.024294855715487645,48.14638447607895
48,255,131,3423,0.06965861533294727,0.059495191923897045,24.230647095131527,0.04349870383536152,0.03378946538422576,16.279343874464377
49,83,139,3626,0.06726789707002469,0.03300587240372896,37.63231739336309,0.01946473896707332,0.016124098048625014,8.340966135223299
50,1535,137,3556,0.05928521061654734,0.035595031433418085,52.274284970098265,0.035769791466650686,0.03195038650357778,19.729462608334227
51,755,136,3473,0.03589554269849181,0.02651210100182111,35.40464079190066,0.04202627755639342,0.031070069536095212,53.70711657978052
52,1895,136,3555,0.060785257594880376,0.04346584239402397,52.63183821892942,0.03684442436079749,0.027952443158178946,23.229922549623044
53,1486,148,3571,0.06256397879362684,0.05555595722597734,45.56635815819081,0.027511606511553516,0.018659644172321504,13.77250581969421
54,610,137,3685,0.09646145166626338,0.08990695266415333,20.232695637161687,0.031570517094528835,0.025033907737866127,8.225889198979718
55,1893,128,3672,0.08031106954082197,0.04810536333476561,51.618969587423834,0.0433239878450937,0.035971752639429144,15.261364274021183
56,721,139,3666,0.09014024137614936,0.02629399458064662,85.88135933542755,0.03464729617091805,0.02734576146737748,21.4808342228003
57,128,130,3582,0.038935201213738,0.0257697522502793,45.36009405291664,0.034478027473556244,0.027018371736497612,31.979536068863244
58,1002,131,3664,0.15690429644926612,0.10129462038512141,29.90600481768879,0.06570922647370638,0.03358010256536568,34.89475443215223
59,1550,140,3615,0.12106568435560147,0.0993946981991182,61.49425447451942,0.056214314979736175,0.04630396260115803,29.858434761825357
60,342,141,3524,0.10785168331957545,0.041086172036543155,55.42480689680968,0.048700661317029076,0.047348160188075604,11.835761997146658
61,831,141,3624,0.05175387870517236,0.029134966052580657,39.13837460640246,0.023241186320263885,0.01808372916902269,14.74315006311456
62,879,112,3525,0.08930391742762393,0.04930036218795697,96.19343079042049,0.09457609661707117,0.09010488983947716,49.82739253701129
63,895,139,3558,0.06091345720784207,0.041450787162680386,50.084130786371766,0.05303562175436216,0.03264758640822389,46.97862874806916
64,1002,140,3664,0.14429881499331898,0.10035520094788286,38.28155802876748,0.058100131389241604,0.03271025074821616,33.92909873476292
65,342,130,3524,0.08026628052124345,0.06484983255746214,42.91387636433496,0.09149966276304992,0.0719025603956961,51.74574690556702
66,1851,133,3446,0.04054155782384244,0.018621680040077797,56.6321854625342,0.03096204825636783,0.019120687182295325,43.37377928899779
67,1538,145,3632,0.07615920236473803,0.03609806019668493,47.673599513425,0.06477384360793673,0.04163913304613912,52.080758806355924
68,956,136,3680,0.10843264933754874,0.10796633385046185,26.196923146529162,0.03599263148272613,0.029001680354905652,14.584356000205494
69,104,135,3659,0.1250725188624045,0.07733368419974948,61.3867687756057,0.03447308488230841,0.020267362962847726,16.244799971573315
70,1270,143,3560,0.06330579804645531,0.04302416654411982,34.71288906122463,0.030758518262945633,0.022676696516303385,13.252694209984073
71,1871,107,3689,0.1019332993272687,0.06966233626113874,34.48720089103737,0.061365865910307356,0.04545197389043246,29.863074103931556
72,1871,141,3689,0.10287998424259179,0.07007115999579339,34.118798672816524,0.06062904784270716,0.05395686457294221,23.563292928174008
73,1609,129,3395,0.10077799322027337,0.08151949695536587,71.85067498273445,0.16299677817924496,0.04103797420329138,117.54758887773326
74,389,146,3471,0.0658728864351728,0.06071282904028507,18.80738201230892,0.027698658557647162,0.022470738189558515,9.258225572780622
75,1304,136,3633,0.08128352825520331,0.05807509409697472,87.34011369168249,0.06446288430865162,0.04310246568989236,55.4730700612756
76,1111,136,3603,0.1555285398292725,0.12128998227707802,40.30319246785979,0.030639741076473475,0.02497204720769826,8.543696198418909
77,117,140,3464,0.03970707263308554,0.023159476467801164,60.98348268457275,0.019284826782193478,0.014752999366314837,17.77199288107568
78,1439,130,3677,0.07955884343340895,0.05526669507477467,66.47215978837782,0.07116443107576115,0.04791019394137361,33.09645669895081
79,210,144,3714,0.09389673854713966,0.07923361642813924,36.52510271533053,0.029335364102319843,0.01790003570140538,15.126971166884768
80,1783,131,3659,0.0624299646891403,0.029256578888301996,69.63372076494248,0.04243413849964185,0.030352759377662894,40.84146060605564
81,113,140,3643,0.07592368521299468,0.047206636371085645,32.77499348546487,0.03391095103254656,0.023820101315231566,16.150026935076035
82,1408,135,3565,0.06312188518444452,0.04065949014640967,44.197198223709606,0.04326644552484821,0.03475128845922527,29.33070996991707
83,1466,134,3640,0.10777922755707345,0.05633186730958562,105.27218826116786,0.08032827146544577,0.06584540181195062,61.19443902323691
84,1286,126,3666,0.10357309070578571,0.028811412557716506,68.18585660088719,0.02800889373733273,0.025479125787504872,9.095727209405599
85,1399,114,3529,0.18137627663643874,0.1690816695758182,88.55984499045992,0.09406156489982846,0.09839808582473522,25.93576684323671
86,1882,122,3639,0.13002672321497047,0.108706531996264,53.67217417174953,0.06687899397777856,0.06096682989387094,25.86343955235498
87,1209,114,3260,0.06027537459188867,0.04860829152254199,67.8416515361122,0.13081414790983995,0.0352284482928198,136.349278463478
88,984,146,3613,0.1149173192881637,0.042199997355961964,84.71272337108947,0.04317442269148404,0.0376351870415244,25.525347514173003
89,1686,122,3698,0.10926127174396044,0.09656050473079969,73.10194552323946,0.037823515845581315,0.027968526295323627,13.08783495942292
90,1288,139,3699,0.11158812262556914,0.05184883397558619,42.16723338390409,0.04644660305137348,0.03973820823948164,11.298064073947712
91,1444,109,3452,0.062413295128402525,0.042966366194855894,94.69036378454228,0.07389268987820781,0.06291346189540456,45.2416143510281
92,882,144,3201,0.04406206895117514,0.031120669638641962,45.807179061105266,0.029520895927678106,0.01826866699787476,36.97132187801191
93,1877,109,3578,0.26771439722936013,0.26669722334256485,84.3523617298773,0.19039766318802884,0.21098071065111298,23.285584899381035
94,87,140,3164,0.05123270879725656,0.04164994322507867,55.818267602842354,0.040976492371182865,0.03768583989734656,23.874013772610105
95,883,147,3020,0.04484710749862861,0.025549350881631988,68.88770992187072,0.055410485595787325,0.03307394790048494,66.03466885503926
96,1625,130,3612,0.056424052845437896,0.04294960831139553,46.637788039181686,0.03728269362881513,0.027874410039127537,27.178350677437507
97,270,139,3517,0.10762574174482448,0.10490539722799153,32.628386668462575,0.027412231823251046,0.020840457015940624,14.730517571949942
98,657,130,3665,0.10031041158507176,0.03429404891061332,58.22373143151496,0.05221627820378154,0.03414074490207148,31.571979870865228
99,1882,131,3639,0.11485485150507702,0.09070655512048463,48.267355075537566,0.054934561510494306,0.04273925515239147,27.931971347224902
