seed,frame,n_obs,ddpm_rmse,ddpm_mag_err,ddpm_ang_err_deg,vcnn_rmse,vcnn_mag_err,vcnn_ang_err_deg,stream_rmse,stream_mag_err,stream_ang_err_deg
0,14053,136,0.059755736379382314,0.03111366368830204,58.80237579345703,0.035491692404839334,0.024901507422327995,28.77181625366211,0.03524631830809604,0.022780893370509148,29.693946838378906
1,9194,143,0.04805391439883526,0.04735122248530388,15.20911693572998,0.02717280463629928,0.02373523823916912,14.367271423339844,0.06556610408239302,0.05678926035761833,26.924758911132812
2,14031,136,0.08808009446819826,0.08837136626243591,21.20374870300293,0.02746651863620857,0.014975756406784058,16.18258285522461,0.07573559164729206,0.036591675132513046,44.5814094543457
3,13987,143,0.07720418795921702,0.03617125004529953,56.86293029785156,0.04889991545450716,0.036367230117321014,37.60022735595703,0.0627566824269693,0.03502207249403,56.72157669067383
4,13844,140,0.09094398898379222,0.0434521809220314,48.307498931884766,0.047528438994589056,0.03429972752928734,25.041738510131836,0.05440448960378801,0.030351558700203896,36.16240692138672
5,11638,138,0.1264217201944084,0.047219451516866684,48.5145263671875,0.03818072977585044,0.03580367565155029,8.610751152038574,0.05802638302051105,0.04072389006614685,22.23432731628418
6,9147,132,0.08279254216942993,0.0670318454504013,73.83805084228516,0.0486763866583997,0.041306063532829285,14.846915245056152,0.05736652137388064,0.0524616502225399,32.5487174987793
7,16323,131,0.13059951653274215,0.119638592004776,34.29929733276367,0.052281035213644335,0.03281063213944435,33.445926666259766,0.13524214904172824,0.09814354032278061,56.3773193359375
8,13832,139,0.08907591671993884,0.06272577494382858,51.148719787597656,0.07503343724398451,0.06872878968715668,25.636821746826172,0.0767194919649465,0.054858725517988205,46.78895568847656
9,6996,138,0.06077292730685869,0.047233764082193375,19.809921264648438,0.037924527753207614,0.024655809625983238,18.97733497619629,0.09559425674416397,0.042517680674791336,60.421875
10,13928,129,0.059982104241997077,0.04447084665298462,42.767921447753906,0.04655411582881114,0.04390501230955124,24.07613754272461,0.05184079303375648,0.037796009331941605,37.68031311035156
11,2288,139,0.058988727673036534,0.055058691650629044,17.2960147857666,0.02490681945518087,0.015325967222452164,13.626649856567383,0.07041909954195591,0.06019219756126404,28.975872039794922
12,11541,125,0.16026063540571955,0.03869917243719101,84.50601959228516,0.10816322693642075,0.06578397005796432,86.43852233886719,0.06184569729345303,0.05453968048095703,27.99559211730957
13,16241,144,0.09199832109814077,0.04311379790306091,50.400386810302734,0.050352652685969626,0.03576840087771416,23.289724349975586,0.07571281460983444,0.03660761937499046,43.485504150390625
14,4428,123,0.19111292439890512,0.16503670811653137,102.57166290283203,0.08698235300435883,0.08803712576627731,15.253196716308594,0.10894585981483931,0.11132090538740158,29.36447525024414
15,16300,129,0.09262364339962169,0.08462189882993698,26.538848876953125,0.054693794485436445,0.039943844079971313,24.390361785888672,0.09218198683075779,0.07379092276096344,33.32910919189453
16,9304,131,0.22658659644288348,0.2146008312702179,36.230953216552734,0.054460668327088214,0.03658396750688553,14.899096488952637,0.10549105837235177,0.08104009926319122,32.75267028808594
17,13868,139,0.07254513380471837,0.048323679715394974,56.75275802612305,0.06097049971436331,0.048440225422382355,40.316856384277344,0.062721070983633,0.04254208132624626,55.339969635009766
18,16237,117,0.11245273532568276,0.1056235134601593,38.4256706237793,0.06946278726517748,0.060502611100673676,30.904335021972656,0.08652908006312329,0.055334411561489105,35.909915924072266
19,11501,144,0.06763874684634646,0.0514625646173954,31.7627010345459,0.02093218959102489,0.01833326369524002,10.982287406921387,0.07453038253298913,0.06137092038989067,32.9249382019043
20,16234,134,0.15143536772929103,0.08706402778625488,40.772666931152344,0.06142325849759199,0.05116397142410278,19.389524459838867,0.08243780361546359,0.05441246181726456,27.723026275634766
21,6794,135,0.042310821259371995,0.02963530644774437,55.452144622802734,0.0502149161999351,0.03097549080848694,53.298851013183594,0.03193672540458775,0.018849069252610207,51.07261276245117
22,13919,145,0.14542683276645332,0.05590527877211571,56.12175369262695,0.05003936221478692,0.0453483946621418,11.817583084106445,0.066972140152159,0.06251458078622818,19.596845626831055
23,2124,140,0.08435807017714415,0.03931236267089844,51.049964904785156,0.026223446140413206,0.022086672484874725,16.712831497192383,0.06519434834702367,0.04494069889187813,46.61522674560547
24,6930,141,0.07699893069818202,0.060096289962530136,30.210147857666016,0.041090198964247926,0.02618514932692051,19.76485252380371,0.06649720147766783,0.04122509807348251,34.51597595214844
25,9247,144,0.041101731510773135,0.027983572334051132,32.56903839111328,0.028993784601362038,0.02402346208691597,15.756418228149414,0.06359866662420559,0.035651709884405136,59.18511962890625
26,16184,113,0.0886323508357338,0.05177244544029236,35.71699905395508,0.05655576812369737,0.048552993685007095,12.546072006225586,0.052639196299341676,0.03504042327404022,23.5004940032959
27,2068,131,0.12039627214097712,0.09665205329656601,74.98663330078125,0.0364449861891638,0.02254677563905716,16.87635612487793,0.08441585940827498,0.08091547340154648,42.328330993652344
28,11631,147,0.06881518456976353,0.053955014795064926,47.91630554199219,0.060303417811093385,0.054655589163303375,26.290597915649414,0.042236297754187635,0.029914189130067825,26.440675735473633
29,16306,128,0.16787703035652443,0.1367407590150833,33.36088943481445,0.04605951981762359,0.03533242642879486,14.615840911865234,0.08683215813698952,0.06552562117576599,23.52144432067871
30,2241,147,0.062078877921355635,0.046392932534217834,38.82544708251953,0.03309820618499537,0.02595626562833786,12.571969985961914,0.05210501158662177,0.04300035536289215,27.01972198486328
31,9321,126,0.05361677375621482,0.041306111961603165,32.170677185058594,0.034813456676518945,0.028717665001749992,15.786386489868164,0.047967052556877436,0.03265410661697388,35.11027908325195
32,16211,146,0.11982176480803143,0.08396536856889725,39.3975830078125,0.04382507262078447,0.02681984193623066,20.44122886657715,0.07570625525517087,0.057479601353406906,28.685192108154297
33,16212,140,0.09655143337165804,0.06358588486909866,46.398921966552734,0.046027365414378005,0.040461570024490356,17.777908325195312,0.07719259773787228,0.05868665501475334,33.214996337890625
34,2169,142,0.06267165833376673,0.03156622499227524,42.92348861694336,0.03440761973104189,0.015478812158107758,21.122100830078125,0.05984891349215181,0.04460601508617401,49.39166259765625
35,2237,140,0.15671093736902622,0.09056531637907028,64.0114517211914,0.03440059828966186,0.03311808034777641,6.960122108459473,0.06651977227161636,0.052199773490428925,19.19488525390625
36,6931,130,0.10349903712828405,0.08469727635383606,60.44493865966797,0.07683294498741967,0.0610940046608448,31.107091903686523,0.09431973003328677,0.06239337846636772,47.36558151245117
37,4444,137,0.18433515573152656,0.19524118304252625,24.541545867919922,0.03655973836410335,0.032429590821266174,11.06552505493164,0.06020068157070213,0.041331637650728226,19.447975158691406
38,4595,148,0.07455052463180076,0.060075581073760986,18.30362319946289,0.02858134565501647,0.02641967684030533,6.202314853668213,0.06581071596559707,0.04434841498732567,22.56608772277832
39,16378,137,0.156557815547858,0.11191285401582718,46.81951904296875,0.06646553796095589,0.046436116099357605,21.995868682861328,0.07502152173007742,0.05856483429670334,31.856948852539062
40,9343,143,0.2214882095783272,0.18149885535240173,45.99694061279297,0.0317782728803643,0.02451946958899498,7.510195732116699,0.08829268247433485,0.059001293033361435,32.89073944091797
41,11627,139,0.11895715765025411,0.07848615944385529,40.98942565917969,0.03665951634048826,0.03382440656423569,8.420389175415039,0.04876236711629213,0.037927258759737015,25.837366104125977
42,2213,140,0.13050779992361003,0.10642892122268677,36.57725143432617,0.07004072171402362,0.06646386533975601,12.615704536437988,0.11970414683733481,0.10494253039360046,31.55904197692871
43,9248,146,0.059810370840453715,0.033099427819252014,70.39517974853516,0.02546956865830963,0.021598197519779205,13.722674369812012,0.06559099947511549,0.0372975654900074,58.926300048828125
44,11632,143,0.05870637923494749,0.045786358416080475,63.26530838012695,0.041711881770630246,0.03632485121488571,27.85466194152832,0.0519396797747894,0.03183184936642647,43.24617004394531
45,16289,132,0.14568346550625694,0.10067593306303024,52.605918884277344,0.06811094618831921,0.039277590811252594,49.586795806884766,0.12347095815371233,0.06696131080389023,58.838077545166016
46,9244,149,0.053648482019402435,0.03707791492342949,22.31658935546875,0.034395563270025624,0.029093055054545403,10.068300247192383,0.07995256853689743,0.058866530656814575,31.300424575805664
47,2227,128,0.14563304388924533,0.11413418501615524,66.55413055419922,0.0386291692519143,0.03681674227118492,8.257316589355469,0.07463471657570771,0.06197033450007439,22.200817108154297
48,2282,134,0.06427915851008552,0.016312507912516594,50.663448333740234,0.03473011929095342,0.027406862005591393,19.071300506591797,0.05782375973498426,0.0429646298289299,53.03337097167969
49,2135,132,0.0665092924395021,0.05497162789106369,60.31637191772461,0.029665605988577357,0.026898112148046494,13.731669425964355,0.04530319140900734,0.03185116499662399,39.41661834716797
50,13936,133,0.21386024308568052,0.1829354614019394,67.7728042602539,0.05858860737034678,0.04200499877333641,64.06236267089844,0.05735944016446143,0.03717916086316109,45.893836975097656
51,6934,143,0.05274682542082204,0.03642047569155693,41.80846405029297,0.04848371321481535,0.03778216242790222,27.790136337280273,0.06574923274299008,0.04310666397213936,53.2546501159668
52,16356,124,0.21988914128298104,0.19450652599334717,39.09977722167969,0.0577122617619394,0.04409047216176987,14.868239402770996,0.15229165749591275,0.12339787185192108,32.987548828125
53,13894,134,0.08063754018558852,0.07226210832595825,41.87551498413086,0.055776918793894306,0.036522384732961655,23.898962020874023,0.08794071531936526,0.04025975987315178,46.845603942871094
54,6809,139,0.053521710346801345,0.041579268872737885,32.081275939941406,0.059349178141833867,0.029758276417851448,36.692630767822266,0.08324073123588793,0.04009867087006569,70.51473999023438
55,16354,132,0.11828117759814924,0.10744248330593109,27.105897903442383,0.04893523598965079,0.0382746122777462,20.0024356842041,0.1359973016659427,0.12085647881031036,20.77580451965332
56,6904,145,0.060069924911914215,0.03883391246199608,41.872501373291016,0.04146911455048442,0.03028206340968609,30.995424270629883,0.063919233791601,0.04225825145840645,45.6929931640625
57,2173,148,0.04612655673079445,0.02924978919327259,37.23828125,0.02880557888992124,0.013425602577626705,18.224584579467773,0.06746553686870113,0.03773192688822746,48.174293518066406
58,9256,93,0.15010339910113324,0.14391303062438965,54.00495529174805,0.06258520699992924,0.06049082800745964,20.28331184387207,0.12511395985490653,0.11027643084526062,36.56741714477539
59,13949,106,0.07408009894115915,0.06113976240158081,37.46610641479492,0.08140929560328634,0.04991971328854561,53.55495071411133,0.1216631327503512,0.04708784818649292,62.29693603515625
60,4468,124,0.08868061655457933,0.08161059767007828,54.07004165649414,0.05996635400216474,0.04543517157435417,24.43675994873047,0.06356635163222799,0.05667119100689888,23.086130142211914
61,6998,134,0.05886343116085452,0.05500344559550285,23.554973602294922,0.026232388776333555,0.021146340295672417,18.9810848236084,0.07391002512173075,0.03880690038204193,67.93523406982422
62,9152,140,0.058889590706273094,0.04394469037652016,22.398395538330078,0.022445341320602302,0.015964172780513763,10.629664421081543,0.09154122266040406,0.06698551774024963,50.657615661621094
63,9165,139,0.03747899256378741,0.02626148983836174,33.927467346191406,0.028763184452022434,0.022829163819551468,21.40895652770996,0.07874924538213984,0.03928305208683014,68.82591247558594
64,9257,145,0.1130343304601969,0.08894525468349457,43.74765396118164,0.04995412784758673,0.04421566054224968,23.827505111694336,0.13228232570714202,0.09604861587285995,39.57139587402344
65,4469,144,0.12483089059063976,0.10780460387468338,34.51837158203125,0.037014934632007834,0.029702486470341682,12.19028091430664,0.07520095031542284,0.06727028638124466,20.11333465576172
66,16318,99,0.07339911349018309,0.08145836740732193,27.84130859375,0.04350729670005775,0.04251423850655556,22.34771156311035,0.06377423274473856,0.05809276923537254,29.85883140563965
67,13939,139,0.09179691889315145,0.06514456868171692,53.77736282348633,0.0583828822772491,0.04134150221943855,47.3025016784668,0.06360118095208908,0.04839121922850609,35.41609573364258
68,9217,138,0.06123629788827995,0.05199188366532326,30.291065216064453,0.044667121774013815,0.022709921002388,23.46761131286621,0.07335619008954399,0.036587249487638474,49.864776611328125
69,2153,138,0.10886411759538996,0.1117243841290474,23.76018714904785,0.04300728463374797,0.03806488215923309,13.409011840820312,0.08294686399492589,0.07580988854169846,31.328018188476562
70,11598,135,0.06144179129265532,0.030408155173063278,70.08348083496094,0.025852397507889986,0.01732308231294155,29.466445922851562,0.03193426117496237,0.016689006239175797,36.310237884521484
71,16335,124,0.12483574022214042,0.1015458032488823,45.973876953125,0.07209831611726847,0.05465035140514374,40.85573959350586,0.1303803683729784,0.10735701769590378,50.91652297973633
72,16336,141,0.0887381959764153,0.06788308173418045,33.31251907348633,0.04859350090796104,0.03553706407546997,29.7268123626709,0.14937043441398,0.122667595744133,58.180782318115234
73,13999,138,0.09063170487706367,0.03397754952311516,62.938411712646484,0.04068709382568766,0.023411592468619347,30.677385330200195,0.04174291116745349,0.02906433679163456,28.4786319732666
74,4509,121,0.14931140837636098,0.13359802961349487,46.589481353759766,0.05818966969162433,0.061807893216609955,7.704380989074707,0.09859685318101884,0.08172495663166046,25.134990692138672
75,11627,127,0.07385674409984569,0.06788872927427292,25.87556266784668,0.032495318905127864,0.03251885995268822,8.367452621459961,0.04978078812504842,0.036261916160583496,25.733577728271484
76,9350,130,0.04393549363055131,0.023876873776316643,33.84184646606445,0.042824668423393074,0.02750803902745247,34.09101867675781,0.053173437248079096,0.026849379763007164,43.565650939941406
77,2164,125,0.10356458483615527,0.05765153467655182,38.988739013671875,0.04141936620409997,0.038360144942998886,9.244860649108887,0.09216721720293171,0.08775093406438828,26.562057495117188
78,13855,149,0.09945228778854591,0.07733619958162308,60.46547317504883,0.07184794017501604,0.0668996050953865,22.276378631591797,0.07481483721829724,0.055933188647031784,49.14691162109375
79,2243,109,0.12650472229642817,0.06268918514251709,121.56222534179688,0.05892160920927908,0.037697918713092804,33.621883392333984,0.07646030791130552,0.06162915378808975,47.76500701904297
80,16260,131,0.1419603339280659,0.1239280104637146,33.31508255004883,0.05573863265909631,0.037469033151865005,32.61913299560547,0.09192083612133825,0.06020909175276756,46.25627517700195
81,2160,136,0.10146780183007853,0.09543288499116898,87.42507934570312,0.03644469597539629,0.029277771711349487,13.652758598327637,0.0674118505154031,0.059917598962783813,37.538272857666016
82,13828,142,0.10320956952210318,0.07871346920728683,38.357357025146484,0.08968301903741933,0.07882905006408691,26.953685760498047,0.07608943687573419,0.05167539790272713,30.732202529907227
83,13877,133,0.15507494436881017,0.0885947123169899,49.56888961791992,0.06841507483347768,0.06010430306196213,25.130407333374023,0.11414026474067177,0.07387092709541321,47.59844207763672
84,11611,143,0.06645238553568181,0.05971792712807655,33.564720153808594,0.02703282789036337,0.014662991277873516,27.245567321777344,0.04454772216757007,0.019963381811976433,43.96936798095703
85,11708,117,0.052351361683686086,0.03647337853908539,34.62084197998047,0.04158226869171643,0.025137100368738174,31.58721160888672,0.049975553368038196,0.028518173843622208,38.022926330566406
86,16345,139,0.16300668890320655,0.14001420140266418,34.81813049316406,0.05284640658211902,0.04361267387866974,17.806875228881836,0.12112954321189874,0.09480920433998108,23.8026065826416
87,11546,128,0.05023318256897051,0.03845363110303879,82.19300079345703,0.04237368283633767,0.03103896789252758,50.00910949707031,0.03856651526911343,0.0227904561907053,43.33987045288086
88,9241,139,0.08804792961141433,0.056983716785907745,65.41803741455078,0.047712382696815214,0.03638642281293869,25.875761032104492,0.06685325376630849,0.0517876036465168,28.293529510498047
89,16178,140,0.04140724705377828,0.0336836576461792,38.586830139160156,0.03347878954312782,0.018959198147058487,43.59758758544922,0.03840817760559729,0.019690796732902527,46.14817810058594
90,11613,138,0.05917603777063447,0.030618296936154366,85.82376098632812,0.03796477289105487,0.026633618399500847,54.30895233154297,0.0407698608665256,0.022203024476766586,67.6523208618164
91,13858,135,0.11591597871675073,0.07059925049543381,76.21490478515625,0.10183340056061256,0.0681217610836029,53.47859573364258,0.09395773313691207,0.06395001709461212,47.154659271240234
92,9154,142,0.0824092457435126,0.07591201364994049,24.502376556396484,0.022187515090973966,0.017516903579235077,7.212222576141357,0.09915227139083424,0.10613132268190384,29.02426528930664
93,16341,139,0.07462616937402242,0.06166541203856468,41.770240783691406,0.0694989735536555,0.044901568442583084,46.01664352416992,0.11684784118545848,0.09188167750835419,57.41839599609375
94,2138,130,0.1468526660098042,0.10753460228443146,50.99013137817383,0.062428558754193245,0.06125198304653168,11.5250244140625,0.09480733116343018,0.08856768161058426,23.91158103942871
95,9155,147,0.09422118964589367,0.09067465364933014,24.565248489379883,0.021935113782360856,0.017814235761761665,7.655412673950195,0.10300933174893682,0.09671565145254135,37.8236083984375
96,14013,134,0.05096415377397406,0.023501737043261528,88.46907806396484,0.03511618532901312,0.024921627715229988,46.70972442626953,0.05415929946823084,0.021988913416862488,68.16159057617188
97,2295,138,0.06410135319407242,0.04601430147886276,69.10562896728516,0.039042635556634474,0.028137389570474625,20.4267635345459,0.05024214033921539,0.03641112148761749,40.24409103393555
98,6850,127,0.08350547200966807,0.04579072818160057,68.2119140625,0.1448217126631459,0.039297204464673996,107.56520080566406,0.054179406003829304,0.03404359519481659,42.35505676269531
99,16345,107,0.15949273489449411,0.14325498044490814,33.85835266113281,0.040124558102105565,0.03558725491166115,13.851253509521484,0.10963708030827224,0.08045204728841782,25.43975067138672
